Replicate Name,Acquired Time,Protein Name,Peptide Sequence,Fragment Ion,Isotope Label Type,Retention Time,Area,Start Time,End Time,Interpolated Times,Interpolated Intensities
Mix1_0ppm_1,5/25/2017 20:31:24,Milk.Bos_d_9,FFVAPFPEVFGK,y9,light,23.82,1716,23.73,23.89,"23.33365,23.34878,23.36388,23.379,23.3941,23.4092,23.4243,23.43938,23.45448,23.46958,23.48468,23.49978,23.51488,23.53,23.54508,23.56018,23.57528,23.59037,23.60547,23.62057,23.63565,23.65075,23.66587,23.68097,23.69607,23.71115,23.72625,23.74135,23.75645,23.77155,23.78667,23.80178,23.81688,23.83197,23.84707,23.86217,23.87725,23.89237,23.90747,23.92255,23.93765,23.95275,23.96783,23.98293,23.99802,24.01312,24.02823,24.04333,24.05845,24.07357,24.08865,24.10375,24.11883,24.13393,24.14903,24.16413,24.17922,24.19432,24.20942,24.2245,24.2396,24.2547,24.26978,24.28488,24.29998,24.31508,24.33018,24.34528","0,540,213,383,477,351,220,364,427,1739,2040,1852,1230,973,490,351,213,314,38,75,88,38,138,163,207,88,56,245,163,94,126,276,395,308,257,289,163,333,56,295,213,157,126,56,56,113,63,132,132,151,132,88,0,126,56,113,94,176,100,157,82,182,82,107,88,19,6,44"
Mix1_0ppm_2,5/25/2017 21:02:06,Milk.Bos_d_9,FFVAPFPEVFGK,y9,light,23.79,1491,23.71,23.92,"23.34963,23.36477,23.37987,23.39498,23.41008,23.42518,23.44028,23.45537,23.47048,23.4856,23.5007,23.51582,23.53092,23.54603,23.56115,23.57625,23.59137,23.60648,23.62157,23.63668,23.65178,23.66688,23.68198,23.69708,23.71218,23.72728,23.74237,23.75747,23.77257,23.78767,23.80277,23.81787,23.83295,23.84807,23.86317,23.87827,23.89337,23.90848,23.92358,23.9387,23.9538,23.9689,23.984,23.9991,24.0142,24.0293,24.0444,24.05952,24.07463,24.08973,24.10483,24.11992,24.13503,24.15015,24.16527,24.18035,24.19545,24.21055,24.22565,24.24077,24.25587,24.27098,24.2861,24.3012,24.31632,24.33142,24.34653","540,213,383,264,201,326,308,935,1356,1858,2021,866,1098,402,301,207,94,220,188,245,345,144,119,270,157,289,370,126,220,446,113,351,370,433,257,169,69,301,176,207,113,213,82,69,226,207,132,63,182,25,82,82,126,56,195,75,176,50,50,13,31,144,88,25,19,82,19"
Mix1_5ppm_1,5/26/2017 00:37:04,Milk.Bos_d_9,FFVAPFPEVFGK,y9,light,23.8,3894,23.71,23.91,"23.34952,23.36463,23.37975,23.39485,23.40997,23.42507,23.44017,23.45528,23.47038,23.48548,23.50058,23.51567,23.53077,23.54588,23.56098,23.5761,23.5912,23.60632,23.62142,23.6365,23.6516,23.66668,23.68178,23.69688,23.71198,23.72707,23.74217,23.75727,23.77235,23.78745,23.80255,23.81767,23.83277,23.84802,23.86312,23.8782,23.89332,23.90843,23.92353,23.93865,23.95373,23.96883,23.98395,23.99903,24.01415,24.02925,24.04435,24.05947,24.07457,24.08967,24.10478,24.11988,24.135,24.1501,24.16518,24.18028,24.19538,24.21048,24.2256,24.2407,24.2558,24.2709,24.28602,24.30112,24.31623,24.33133,24.34645","264,151,339,270,339,276,709,879,483,1431,1010,1161,370,439,301,69,126,82,19,119,88,157,238,63,169,151,195,138,552,835,1305,1192,822,251,301,301,94,308,157,126,232,100,113,119,107,56,63,82,25,25,144,100,126,44,270,50,182,25,19,31,31,56,25,226,100,25,100"
Mix1_5ppm_2,5/26/2017 01:07:47,Milk.Bos_d_9,FFVAPFPEVFGK,y9,light,23.8,3518,23.71,23.89,"23.34957,23.3647,23.37978,23.39488,23.41,23.4251,23.4402,23.4553,23.47038,23.48548,23.50058,23.51568,23.5308,23.5459,23.561,23.5761,23.59118,23.60628,23.6214,23.6365,23.6516,23.66672,23.68182,23.69692,23.71203,23.72713,23.74223,23.75735,23.77245,23.78757,23.80267,23.81778,23.8329,23.84807,23.86317,23.87825,23.89335,23.90845,23.92353,23.93863,23.95375,23.96885,23.98395,23.99907,24.01417,24.02928,24.04438,24.0595,24.07458,24.08968,24.10478,24.1199,24.135,24.1501,24.1652,24.1803,24.1954,24.2105,24.22558,24.24068,24.25578,24.27088,24.28598,24.30108,24.31618,24.3313,24.3464","490,245,176,207,333,584,540,634,1594,1255,1130,935,251,345,314,351,169,132,63,88,75,238,100,50,119,132,75,395,421,734,1362,904,402,402,132,126,113,126,63,0,82,119,94,63,113,38,13,19,100,75,63,50,188,75,126,50,195,19,56,126,94,119,126,75,144,38,94"
Mix1_0ppm_1,5/25/2017 20:31:24,Milk.Bos_d_9,FFVAPFPEVFGK,y8,light,23.82,1777,23.73,23.89,"23.33365,23.34878,23.36388,23.379,23.3941,23.4092,23.4243,23.43938,23.45448,23.46958,23.48468,23.49978,23.51488,23.53,23.54508,23.56018,23.57528,23.59037,23.60547,23.62057,23.63565,23.65075,23.66587,23.68097,23.69607,23.71115,23.72625,23.74135,23.75645,23.77155,23.78667,23.80178,23.81688,23.83197,23.84707,23.86217,23.87725,23.89237,23.90747,23.92255,23.93765,23.95275,23.96783,23.98293,23.99802,24.01312,24.02823,24.04333,24.05845,24.07357,24.08865,24.10375,24.11883,24.13393,24.14903,24.16413,24.17922,24.19432,24.20942,24.2245,24.2396,24.2547,24.26978,24.28488,24.29998,24.31508,24.33018,24.34528","0,245,188,358,295,333,138,226,301,1444,1588,1644,1544,835,665,603,370,113,251,144,213,107,113,113,201,301,157,50,201,270,377,408,546,364,515,282,345,289,264,326,69,75,195,151,69,213,31,107,201,132,63,169,94,56,25,433,220,138,75,201,107,6,44,163,107,94,38,163"
Mix1_0ppm_2,5/25/2017 21:02:06,Milk.Bos_d_9,FFVAPFPEVFGK,y8,light,23.82,3454,23.71,23.92,"23.34963,23.36477,23.37987,23.39498,23.41008,23.42518,23.44028,23.45537,23.47048,23.4856,23.5007,23.51582,23.53092,23.54603,23.56115,23.57625,23.59137,23.60648,23.62157,23.63668,23.65178,23.66688,23.68198,23.69708,23.71218,23.72728,23.74237,23.75747,23.77257,23.78767,23.80277,23.81787,23.83295,23.84807,23.86317,23.87827,23.89337,23.90848,23.92358,23.9387,23.9538,23.9689,23.984,23.9991,24.0142,24.0293,24.0444,24.05952,24.07463,24.08973,24.10483,24.11992,24.13503,24.15015,24.16527,24.18035,24.19545,24.21055,24.22565,24.24077,24.25587,24.27098,24.2861,24.3012,24.31632,24.33142,24.34653","502,577,220,477,169,326,238,603,1669,1688,1582,1249,828,603,257,264,144,176,88,345,201,75,238,270,56,126,94,188,483,402,301,803,289,552,477,659,31,94,88,119,201,201,88,195,82,75,88,13,195,94,126,182,25,126,126,56,69,31,163,182,289,44,88,245,169,238,157"
Mix1_5ppm_1,5/26/2017 00:37:04,Milk.Bos_d_9,FFVAPFPEVFGK,y8,light,23.8,11580,23.71,23.91,"23.34952,23.36463,23.37975,23.39485,23.40997,23.42507,23.44017,23.45528,23.47038,23.48548,23.50058,23.51567,23.53077,23.54588,23.56098,23.5761,23.5912,23.60632,23.62142,23.6365,23.6516,23.66668,23.68178,23.69688,23.71198,23.72707,23.74217,23.75727,23.77235,23.78745,23.80255,23.81767,23.83277,23.84802,23.86312,23.8782,23.89332,23.90843,23.92353,23.93865,23.95373,23.96883,23.98395,23.99903,24.01415,24.02925,24.04435,24.05947,24.07457,24.08967,24.10478,24.11988,24.135,24.1501,24.16518,24.18028,24.19538,24.21048,24.2256,24.2407,24.2558,24.2709,24.28602,24.30112,24.31623,24.33133,24.34645","264,383,414,195,220,358,395,810,1487,1444,1293,634,621,132,339,82,88,126,188,100,56,207,107,238,151,201,201,678,1563,2592,3421,2416,1990,464,458,320,276,207,195,151,126,19,31,88,251,25,63,69,19,75,326,13,56,163,151,126,238,163,56,201,82,151,195,169,151,107,44"
Mix1_5ppm_2,5/26/2017 01:07:47,Milk.Bos_d_9,FFVAPFPEVFGK,y8,light,23.82,11886,23.71,23.89,"23.34957,23.3647,23.37978,23.39488,23.41,23.4251,23.4402,23.4553,23.47038,23.48548,23.50058,23.51568,23.5308,23.5459,23.561,23.5761,23.59118,23.60628,23.6214,23.6365,23.6516,23.66672,23.68182,23.69692,23.71203,23.72713,23.74223,23.75735,23.77245,23.78757,23.80267,23.81778,23.8329,23.84807,23.86317,23.87825,23.89335,23.90845,23.92353,23.93863,23.95375,23.96885,23.98395,23.99907,24.01417,24.02928,24.04438,24.0595,24.07458,24.08968,24.10478,24.1199,24.135,24.1501,24.1652,24.1803,24.1954,24.2105,24.22558,24.24068,24.25578,24.27088,24.28598,24.30108,24.31618,24.3313,24.3464","238,502,238,251,107,226,226,596,1249,897,1111,797,584,282,452,257,69,31,56,126,176,251,232,251,50,276,132,377,1594,2197,2655,2856,1902,828,389,383,213,38,169,19,132,69,195,119,69,113,82,132,50,75,6,69,63,63,126,351,100,138,182,82,69,94,169,88,270,163,56"
Mix1_0ppm_1,5/25/2017 20:31:24,Milk.Bos_d_9,FFVAPFPEVFGK,y6,light,23.82,608,23.73,23.89,"23.33365,23.34878,23.36388,23.379,23.3941,23.4092,23.4243,23.43938,23.45448,23.46958,23.48468,23.49978,23.51488,23.53,23.54508,23.56018,23.57528,23.59037,23.60547,23.62057,23.63565,23.65075,23.66587,23.68097,23.69607,23.71115,23.72625,23.74135,23.75645,23.77155,23.78667,23.80178,23.81688,23.83197,23.84707,23.86217,23.87725,23.89237,23.90747,23.92255,23.93765,23.95275,23.96783,23.98293,23.99802,24.01312,24.02823,24.04333,24.05845,24.07357,24.08865,24.10375,24.11883,24.13393,24.14903,24.16413,24.17922,24.19432,24.20942,24.2245,24.2396,24.2547,24.26978,24.28488,24.29998,24.31508,24.33018,24.34528","0,2573,1381,885,841,483,546,766,1017,1732,3264,2360,1375,1751,1080,1224,609,527,232,333,351,339,345,414,483,439,515,282,351,621,421,389,810,320,389,477,358,427,351,295,540,395,144,270,226,533,119,621,238,182,132,201,270,521,458,414,257,314,126,169,207,257,238,326,634,408,496,320"
Mix1_0ppm_2,5/25/2017 21:02:06,Milk.Bos_d_9,FFVAPFPEVFGK,y6,light,23.83,3638,23.71,23.92,"23.34963,23.36477,23.37987,23.39498,23.41008,23.42518,23.44028,23.45537,23.47048,23.4856,23.5007,23.51582,23.53092,23.54603,23.56115,23.57625,23.59137,23.60648,23.62157,23.63668,23.65178,23.66688,23.68198,23.69708,23.71218,23.72728,23.74237,23.75747,23.77257,23.78767,23.80277,23.81787,23.83295,23.84807,23.86317,23.87827,23.89337,23.90848,23.92358,23.9387,23.9538,23.9689,23.984,23.9991,24.0142,24.0293,24.0444,24.05952,24.07463,24.08973,24.10483,24.11992,24.13503,24.15015,24.16527,24.18035,24.19545,24.21055,24.22565,24.24077,24.25587,24.27098,24.2861,24.3012,24.31632,24.33142,24.34653","3339,910,709,590,515,490,904,1086,2090,2542,2228,1782,1387,860,872,427,672,289,433,427,464,452,383,552,496,446,559,508,471,414,590,301,603,282,408,301,477,270,138,257,201,100,358,276,226,289,207,113,182,132,339,238,508,339,389,314,75,339,276,276,226,389,245,301,446,628,377"
Mix1_5ppm_1,5/26/2017 00:37:04,Milk.Bos_d_9,FFVAPFPEVFGK,y6,light,23.8,6222,23.71,23.91,"23.34952,23.36463,23.37975,23.39485,23.40997,23.42507,23.44017,23.45528,23.47038,23.48548,23.50058,23.51567,23.53077,23.54588,23.56098,23.5761,23.5912,23.60632,23.62142,23.6365,23.6516,23.66668,23.68178,23.69688,23.71198,23.72707,23.74217,23.75727,23.77235,23.78745,23.80255,23.81767,23.83277,23.84802,23.86312,23.8782,23.89332,23.90843,23.92353,23.93865,23.95373,23.96883,23.98395,23.99903,24.01415,24.02925,24.04435,24.05947,24.07457,24.08967,24.10478,24.11988,24.135,24.1501,24.16518,24.18028,24.19538,24.21048,24.2256,24.2407,24.2558,24.2709,24.28602,24.30112,24.31623,24.33133,24.34645","2241,577,653,326,439,490,791,1494,1739,1519,1425,1174,665,659,358,433,659,132,220,483,100,107,439,276,339,414,458,860,1299,1877,1939,1255,1136,515,383,421,320,433,126,314,201,132,672,151,326,138,63,138,82,163,395,502,515,301,584,402,213,126,377,188,395,395,358,339,515,389,157"
Mix1_5ppm_2,5/26/2017 01:07:47,Milk.Bos_d_9,FFVAPFPEVFGK,y6,light,23.8,7022,23.71,23.89,"23.34957,23.3647,23.37978,23.39488,23.41,23.4251,23.4402,23.4553,23.47038,23.48548,23.50058,23.51568,23.5308,23.5459,23.561,23.5761,23.59118,23.60628,23.6214,23.6365,23.6516,23.66672,23.68182,23.69692,23.71203,23.72713,23.74223,23.75735,23.77245,23.78757,23.80267,23.81778,23.8329,23.84807,23.86317,23.87825,23.89335,23.90845,23.92353,23.93863,23.95375,23.96885,23.98395,23.99907,24.01417,24.02928,24.04438,24.0595,24.07458,24.08968,24.10478,24.1199,24.135,24.1501,24.1652,24.1803,24.1954,24.2105,24.22558,24.24068,24.25578,24.27088,24.28598,24.30108,24.31618,24.3313,24.3464","2335,446,603,565,628,270,433,973,1682,1406,1450,885,747,1117,828,533,596,289,452,389,188,257,182,151,226,358,483,659,1331,1795,1833,1770,785,477,464,188,339,276,188,270,195,257,144,270,119,157,151,163,383,251,119,264,326,144,358,308,295,370,50,144,138,188,119,301,157,408,326"
Mix1_0ppm_1,5/25/2017 20:31:24,Milk.Bos_d_9,FFVAPFPEVFGK,y9,heavy,23.8,133438,23.73,23.89,"23.33365,23.34878,23.36388,23.379,23.3941,23.4092,23.4243,23.43938,23.45448,23.46958,23.48468,23.49978,23.51488,23.53,23.54508,23.56018,23.57528,23.59037,23.60547,23.62057,23.63565,23.65075,23.66587,23.68097,23.69607,23.71115,23.72625,23.74135,23.75645,23.77155,23.78667,23.80178,23.81688,23.83197,23.84707,23.86217,23.87725,23.89237,23.90747,23.92255,23.93765,23.95275,23.96783,23.98293,23.99802,24.01312,24.02823,24.04333,24.05845,24.07357,24.08865,24.10375,24.11883,24.13393,24.14903,24.16413,24.17922,24.19432,24.20942,24.2245,24.2396,24.2547,24.26978,24.28488,24.29998,24.31508,24.33018,24.34528","0,200,240,188,88,40,188,124,204,264,168,168,80,140,164,36,64,32,92,28,64,172,328,116,120,164,100,636,3508,13955,29491,34164,29103,20143,10522,4584,1788,868,548,200,388,272,156,168,152,116,176,196,104,200,80,188,16,92,20,84,108,112,200,240,344,536,456,232,144,152,48,144"
Mix1_0ppm_2,5/25/2017 21:02:06,Milk.Bos_d_9,FFVAPFPEVFGK,y9,heavy,23.8,137960,23.71,23.92,"23.34963,23.36477,23.37987,23.39498,23.41008,23.42518,23.44028,23.45537,23.47048,23.4856,23.5007,23.51582,23.53092,23.54603,23.56115,23.57625,23.59137,23.60648,23.62157,23.63668,23.65178,23.66688,23.68198,23.69708,23.71218,23.72728,23.74237,23.75747,23.77257,23.78767,23.80277,23.81787,23.83295,23.84807,23.86317,23.87827,23.89337,23.90848,23.92358,23.9387,23.9538,23.9689,23.984,23.9991,24.0142,24.0293,24.0444,24.05952,24.07463,24.08973,24.10483,24.11992,24.13503,24.15015,24.16527,24.18035,24.19545,24.21055,24.22565,24.24077,24.25587,24.27098,24.2861,24.3012,24.31632,24.33142,24.34653","220,160,136,80,124,136,140,116,152,204,244,156,132,84,52,48,16,16,48,188,104,112,100,296,160,300,1588,7169,22125,33880,34140,26420,15684,8069,3004,952,660,312,252,92,164,132,100,96,136,152,52,160,176,116,76,60,60,36,72,136,92,184,316,536,212,724,352,156,172,144,52"
Mix1_5ppm_1,5/26/2017 00:37:04,Milk.Bos_d_9,FFVAPFPEVFGK,y9,heavy,23.79,135092,23.71,23.91,"23.34952,23.36463,23.37975,23.39485,23.40997,23.42507,23.44017,23.45528,23.47038,23.48548,23.50058,23.51567,23.53077,23.54588,23.56098,23.5761,23.5912,23.60632,23.62142,23.6365,23.6516,23.66668,23.68178,23.69688,23.71198,23.72707,23.74217,23.75727,23.77235,23.78745,23.80255,23.81767,23.83277,23.84802,23.86312,23.8782,23.89332,23.90843,23.92353,23.93865,23.95373,23.96883,23.98395,23.99903,24.01415,24.02925,24.04435,24.05947,24.07457,24.08967,24.10478,24.11988,24.135,24.1501,24.16518,24.18028,24.19538,24.21048,24.2256,24.2407,24.2558,24.2709,24.28602,24.30112,24.31623,24.33133,24.34645","52,44,224,120,144,48,128,84,128,132,52,192,68,192,48,76,40,60,32,76,84,108,268,80,116,312,2448,10902,24975,34477,31409,23370,12499,5893,2564,1264,468,284,192,240,128,140,248,92,100,68,180,92,140,148,108,88,120,88,76,24,264,228,296,336,236,528,200,192,76,136,64"
Mix1_5ppm_2,5/26/2017 01:07:47,Milk.Bos_d_9,FFVAPFPEVFGK,y9,heavy,23.79,128293,23.71,23.89,"23.34957,23.3647,23.37978,23.39488,23.41,23.4251,23.4402,23.4553,23.47038,23.48548,23.50058,23.51568,23.5308,23.5459,23.561,23.5761,23.59118,23.60628,23.6214,23.6365,23.6516,23.66672,23.68182,23.69692,23.71203,23.72713,23.74223,23.75735,23.77245,23.78757,23.80267,23.81778,23.8329,23.84807,23.86317,23.87825,23.89335,23.90845,23.92353,23.93863,23.95375,23.96885,23.98395,23.99907,24.01417,24.02928,24.04438,24.0595,24.07458,24.08968,24.10478,24.1199,24.135,24.1501,24.1652,24.1803,24.1954,24.2105,24.22558,24.24068,24.25578,24.27088,24.28598,24.30108,24.31618,24.3313,24.3464","120,104,16,40,128,168,96,136,188,200,316,220,116,60,112,44,60,20,76,20,48,68,68,192,104,232,2552,10798,25736,32410,29427,20732,12147,5485,2116,920,516,232,232,500,88,108,152,92,136,48,60,48,100,88,132,40,48,4,40,88,76,164,264,460,160,200,212,144,32,112,72"
Mix1_0ppm_1,5/25/2017 20:31:24,Milk.Bos_d_9,FFVAPFPEVFGK,y8,heavy,23.8,385136,23.73,23.89,"23.33365,23.34878,23.36388,23.379,23.3941,23.4092,23.4243,23.43938,23.45448,23.46958,23.48468,23.49978,23.51488,23.53,23.54508,23.56018,23.57528,23.59037,23.60547,23.62057,23.63565,23.65075,23.66587,23.68097,23.69607,23.71115,23.72625,23.74135,23.75645,23.77155,23.78667,23.80178,23.81688,23.83197,23.84707,23.86217,23.87725,23.89237,23.90747,23.92255,23.93765,23.95275,23.96783,23.98293,23.99802,24.01312,24.02823,24.04333,24.05845,24.07357,24.08865,24.10375,24.11883,24.13393,24.14903,24.16413,24.17922,24.19432,24.20942,24.2245,24.2396,24.2547,24.26978,24.28488,24.29998,24.31508,24.33018,24.34528","0,333,264,408,226,264,251,220,358,546,496,659,245,182,389,257,389,477,408,1117,935,985,646,527,207,176,282,2115,15695,50932,88688,98794,80026,50404,26673,9522,4042,2303,1362,1067,929,320,427,421,452,446,226,182,207,358,295,289,126,201,144,213,195,320,276,226,395,439,333,276,232,257,163,314"
Mix1_0ppm_2,5/25/2017 21:02:06,Milk.Bos_d_9,FFVAPFPEVFGK,y8,heavy,23.79,381284,23.71,23.92,"23.34963,23.36477,23.37987,23.39498,23.41008,23.42518,23.44028,23.45537,23.47048,23.4856,23.5007,23.51582,23.53092,23.54603,23.56115,23.57625,23.59137,23.60648,23.62157,23.63668,23.65178,23.66688,23.68198,23.69708,23.71218,23.72728,23.74237,23.75747,23.77257,23.78767,23.80277,23.81787,23.83295,23.84807,23.86317,23.87827,23.89337,23.90848,23.92358,23.9387,23.9538,23.9689,23.984,23.9991,24.0142,24.0293,24.0444,24.05952,24.07463,24.08973,24.10483,24.11992,24.13503,24.15015,24.16527,24.18035,24.19545,24.21055,24.22565,24.24077,24.25587,24.27098,24.2861,24.3012,24.31632,24.33142,24.34653","345,546,395,113,138,169,220,163,421,282,646,653,358,119,226,213,916,690,715,847,1036,521,483,389,251,841,5065,25756,67649,93825,91836,66925,40139,18809,7570,2919,1513,1023,697,552,458,270,496,282,414,446,113,264,232,333,138,163,201,220,132,100,182,100,270,521,358,282,251,276,308,169,232"
Mix1_5ppm_1,5/26/2017 00:37:04,Milk.Bos_d_9,FFVAPFPEVFGK,y8,heavy,23.79,386657,23.71,23.91,"23.34952,23.36463,23.37975,23.39485,23.40997,23.42507,23.44017,23.45528,23.47038,23.48548,23.50058,23.51567,23.53077,23.54588,23.56098,23.5761,23.5912,23.60632,23.62142,23.6365,23.6516,23.66668,23.68178,23.69688,23.71198,23.72707,23.74217,23.75727,23.77235,23.78745,23.80255,23.81767,23.83277,23.84802,23.86312,23.8782,23.89332,23.90843,23.92353,23.93865,23.95373,23.96883,23.98395,23.99903,24.01415,24.02925,24.04435,24.05947,24.07457,24.08967,24.10478,24.11988,24.135,24.1501,24.16518,24.18028,24.19538,24.21048,24.2256,24.2407,24.2558,24.2709,24.28602,24.30112,24.31623,24.33133,24.34645","289,195,82,201,201,339,289,358,395,603,320,144,314,38,345,251,427,571,496,1010,665,351,596,289,63,1130,9585,37166,82367,99323,87812,57057,30927,13214,5247,2511,1362,665,584,433,389,232,245,433,188,169,245,251,132,295,113,201,157,151,126,182,176,220,320,201,879,232,226,126,56,82,157"
Mix1_5ppm_2,5/26/2017 01:07:47,Milk.Bos_d_9,FFVAPFPEVFGK,y8,heavy,23.79,366542,23.71,23.89,"23.34957,23.3647,23.37978,23.39488,23.41,23.4251,23.4402,23.4553,23.47038,23.48548,23.50058,23.51568,23.5308,23.5459,23.561,23.5761,23.59118,23.60628,23.6214,23.6365,23.6516,23.66672,23.68182,23.69692,23.71203,23.72713,23.74223,23.75735,23.77245,23.78757,23.80267,23.81778,23.8329,23.84807,23.86317,23.87825,23.89335,23.90845,23.92353,23.93863,23.95375,23.96885,23.98395,23.99907,24.01417,24.02928,24.04438,24.0595,24.07458,24.08968,24.10478,24.1199,24.135,24.1501,24.1652,24.1803,24.1954,24.2105,24.22558,24.24068,24.25578,24.27088,24.28598,24.30108,24.31618,24.3313,24.3464","270,301,138,182,107,176,314,264,515,326,433,333,414,107,100,276,590,797,985,734,490,502,270,69,439,1519,10546,40761,82544,98391,78276,49027,28483,12009,5260,2391,904,609,628,565,276,314,213,232,345,257,201,188,326,56,138,100,25,163,439,182,31,188,270,276,421,446,477,270,100,169,345"
Mix1_0ppm_1,5/25/2017 20:31:24,Milk.Bos_d_9,YLGYLEQLLR,y8,light,22.74,2964,22.72,22.94,"22.31727,22.33177,22.34627,22.36077,22.37527,22.38977,22.40427,22.41877,22.43327,22.44777,22.46227,22.47677,22.49127,22.50577,22.52027,22.53477,22.54927,22.56377,22.57827,22.59277,22.60727,22.62177,22.63627,22.65077,22.66527,22.67977,22.69427,22.70877,22.72327,22.73777,22.75227,22.76677,22.78127,22.79577,22.81027,22.82477,22.83927,22.85377,22.86827,22.88277,22.89727,22.91177,22.92627,22.94077,22.95527,22.96977,22.98427,22.99877,23.01327,23.02777,23.04227,23.05677,23.07127,23.08577,23.10027,23.11477,23.12927,23.14377,23.15827,23.17277,23.18727,23.20177,23.21627,23.23077,23.24527,23.25977,23.27427,23.28877,23.30327,23.31777,23.33227","0,3.503918,7.118724,60.2165,112.7885,76.24764,39.91967,29.90847,19.86693,7.849671,113.2782,152.6004,66.38601,239,318.9054,173.3261,384.2758,114.5706,46.53642,40.05518,92.39488,60.41624,275.9787,207.1689,43.04987,358.2612,313.1559,344.2074,364.4955,623.6693,301.7544,369.6035,603.5892,404.8565,341.0289,281.1364,393.4868,206.7655,20.47812,299.6252,25.6908,82.7332,73.59782,60.61148,15.31916,88.87347,93,224.1744,56.88804,158.8419,147.2167,52.20155,146.2378,103.4122,68.22468,16.53055,7.40678,61.93745,97.58163,173.1942,25.54968,43.42756,82.7874,31.87085,93.8807,63.40034,113.8588,107.1495,87.79214,158.5747,81.86063"
Mix1_0ppm_2,5/25/2017 21:02:06,Milk.Bos_d_9,YLGYLEQLLR,y8,light,22.72,2752,22.72,22.9,"22.31793,22.33243,22.34693,22.36143,22.37593,22.39043,22.40493,22.41943,22.43393,22.44843,22.46293,22.47743,22.49193,22.50643,22.52093,22.53543,22.54993,22.56443,22.57893,22.59343,22.60793,22.62243,22.63693,22.65143,22.66593,22.68043,22.69493,22.70943,22.72393,22.73843,22.75293,22.76743,22.78193,22.79643,22.81093,22.82543,22.83993,22.85443,22.86893,22.88343,22.89793,22.91243,22.92693,22.94143,22.95593,22.97043,22.98493,22.99943,23.01393,23.02843,23.04293,23.05743,23.07193,23.08643,23.10093,23.11543,23.12993,23.14443,23.15893,23.17343,23.18793,23.20243,23.21693,23.23143,23.24593,23.26043,23.27493,23.28943,23.30393,23.31843","0,20.02239,40.13329,99.74305,158.8088,125.7718,93.02815,96.53622,100.5789,144.7048,7.319948,52.94028,40.25039,146,211.8441,146.2945,119.1525,244.9833,127.2285,191.1685,67.99869,53.22205,46.13596,20.53633,104.0249,196.6564,276.8058,626.3351,585.6973,455.573,413.4331,335.0276,363.7166,550.047,341.8467,135.4361,296.3789,135.0205,82.42105,167.8862,35.37297,63.67607,60.37165,60,53.45662,121.0663,88.75391,99.0042,19.29838,25.97346,57.54158,90.46654,56.16536,138.4321,72.60098,35.76192,9.206806,48.9916,162.2742,40.39291,20.65774,38.07586,69.74763,43.29523,81.35226,8.882153,53.73981,35.87717,109.6325,19.45098"
Mix1_5ppm_1,5/26/2017 00:37:04,Milk.Bos_d_9,YLGYLEQLLR,y8,light,22.8,13430,22.71,22.91,"22.31802,22.33252,22.34702,22.36152,22.37602,22.39052,22.40502,22.41952,22.43402,22.44852,22.46302,22.47752,22.49202,22.50652,22.52102,22.53552,22.55002,22.56452,22.57902,22.59352,22.60802,22.62252,22.63702,22.65152,22.66602,22.68052,22.69502,22.70952,22.72402,22.73852,22.75302,22.76752,22.78202,22.79652,22.81102,22.82552,22.84002,22.85452,22.86902,22.88352,22.89802,22.91252,22.92702,22.94152,22.95602,22.97052,22.98502,22.99952,23.01402,23.02852,23.04302,23.05752,23.07202,23.08652,23.10102,23.11552,23.13002,23.14452,23.15902,23.17352,23.18802,23.20252,23.21702,23.23152,23.24602,23.26052,23.27502,23.28952,23.30402,23.31852","0,16.50869,32.9826,16.45217,0.3205297,69.93958,138.5217,78.91982,19.77192,1.170148,145.8155,118.8529,93.11299,112.79,66.08859,93.03898,125.961,0.2979898,59.72437,46.09737,145.0814,34.29033,72.49547,164.6087,146.3465,172.472,282.6897,330.9206,371.033,333.0553,461.1776,1249.765,2406.752,3856.002,3171.263,2153.601,960.1834,565.2264,136.8583,164.0051,83.75141,47.52332,27.87374,64.12165,47.0105,59.277,9.799369,25.91998,51.56524,53,71.82801,23.22076,32.1938,45.16404,21.72992,81.46082,36.76982,70.06036,48.04476,3.591864,67.13701,36.25887,81.56247,116.1591,40.51413,14.79026,19.35787,8.223228,42.24281,10.80725"
Mix1_5ppm_2,5/26/2017 01:07:47,Milk.Bos_d_9,YLGYLEQLLR,y8,light,22.8,14076,22.71,22.91,"22.31802,22.33252,22.34702,22.36152,22.37602,22.39052,22.40502,22.41952,22.43402,22.44852,22.46302,22.47752,22.49202,22.50652,22.52102,22.53552,22.55002,22.56452,22.57902,22.59352,22.60802,22.62252,22.63702,22.65152,22.66602,22.68052,22.69502,22.70952,22.72402,22.73852,22.75302,22.76752,22.78202,22.79652,22.81102,22.82552,22.84002,22.85452,22.86902,22.88352,22.89802,22.91252,22.92702,22.94152,22.95602,22.97052,22.98502,22.99952,23.01402,23.02852,23.04302,23.05752,23.07202,23.08652,23.10102,23.11552,23.13002,23.14452,23.15902,23.17352,23.18802,23.20252,23.21702,23.23152,23.24602,23.26052,23.27502,23.28952,23.30402,23.31852","0,33.01737,66.02794,92.57682,118.8478,85.79128,53.05222,59.55949,65.52962,21.10721,178.1213,27.08727,46.06024,72.99646,264.7477,113.5187,60.30604,46.11209,20.26955,79.30627,92.82087,40.79385,52.77648,176.5362,114.4465,261.5046,129.5024,223.3591,160.9256,314.044,575.1667,1768.166,3199.987,3622.992,3440.516,1895.227,862.3513,481.51,41.958,196.5912,36.44455,39.28347,52.25275,121.6501,64.01498,252.2868,47.91864,51.68874,28.73538,32.59396,45.09068,138.8787,207.2219,120.2842,57.47773,16.07127,7.474803,25.37008,14.15885,19.40557,1.742782,6.381028,18.83511,31.80732,69.23622,6.963343,41.5147,46,34.28598,3.330752"
Mix1_0ppm_1,5/25/2017 20:31:24,Milk.Bos_d_9,YLGYLEQLLR,y6,light,22.75,1954,22.72,22.94,"22.31727,22.33177,22.34627,22.36077,22.37527,22.38977,22.40427,22.41877,22.43327,22.44777,22.46227,22.47677,22.49127,22.50577,22.52027,22.53477,22.54927,22.56377,22.57827,22.59277,22.60727,22.62177,22.63627,22.65077,22.66527,22.67977,22.69427,22.70877,22.72327,22.73777,22.75227,22.76677,22.78127,22.79577,22.81027,22.82477,22.83927,22.85377,22.86827,22.88277,22.89727,22.91177,22.92627,22.94077,22.95527,22.96977,22.98427,22.99877,23.01327,23.02777,23.04227,23.05677,23.07127,23.08577,23.10027,23.11477,23.12927,23.14377,23.15827,23.17277,23.18727,23.20177,23.21627,23.23077,23.24527,23.25977,23.27427,23.28877,23.30327,23.31777,23.33227","0,116.1298,231.8141,148.6609,66.79094,203.4437,337.9838,211.3422,87.90394,272.4248,323.6159,127.0381,351.6586,199,60.16437,105.8973,106,53.30604,85.73579,270.2893,160.2902,119.5045,172.255,218.2634,199.3674,218.5853,290.4078,370.0785,377.8486,378,539.2235,415.9543,443.9767,528.2316,390.0206,288.5606,138.7648,234.8636,258.1959,150.6768,215.9016,326.9432,230.8745,175.493,336.5128,218.8604,275.3862,165.7559,196.6585,130.3545,238.7,95.92248,130.0297,95.57522,111.6914,75.66457,115.8814,101.3083,56.34304,10.38058,74.48116,159.2961,110.8189,39.02665,106.2939,179.7944,167.7428,99.455,93,63.06293,335.9409"
Mix1_0ppm_2,5/25/2017 21:02:06,Milk.Bos_d_9,YLGYLEQLLR,y6,light,22.78,2574,22.72,22.9,"22.31793,22.33243,22.34693,22.36143,22.37593,22.39043,22.40493,22.41943,22.43393,22.44843,22.46293,22.47743,22.49193,22.50643,22.52093,22.53543,22.54993,22.56443,22.57893,22.59343,22.60793,22.62243,22.63693,22.65143,22.66593,22.68043,22.69493,22.70943,22.72393,22.73843,22.75293,22.76743,22.78193,22.79643,22.81093,22.82543,22.83993,22.85443,22.86893,22.88343,22.89793,22.91243,22.92693,22.94143,22.95593,22.97043,22.98493,22.99943,23.01393,23.02843,23.04293,23.05743,23.07193,23.08643,23.10093,23.11543,23.12993,23.14443,23.15893,23.17343,23.18793,23.20243,23.21693,23.23143,23.24593,23.26043,23.27493,23.28943,23.30393,23.31843","0,40.04478,80.0224,90.04085,100,100,99.70644,63.12222,29.32826,211.8136,193.6623,430.3018,278.5913,106,93.03071,284.1432,239.2599,114.0087,263.4439,246.2394,68.85527,261.601,193.4178,166.5363,276.4048,142.528,204.1623,302.0508,568.2891,596.3123,577.7349,443.2604,680.1995,346.7522,370.2572,365.3206,403.0735,278.7024,209.4737,180.4846,154.4911,153,134.2388,157.3603,140.3046,164.1752,110.1309,100.4268,296.6522,158.1719,90.46985,134.9311,133.4748,260.6888,162.8189,73.28143,194.1172,72.72231,108.2628,269.222,195.3024,191.4228,150.5336,62.28656,95.25121,206.7096,225.2696,113.4268,58.11942,59.22181"
Mix1_5ppm_1,5/26/2017 00:37:04,Milk.Bos_d_9,YLGYLEQLLR,y6,light,22.8,5561,22.71,22.91,"22.31802,22.33252,22.34702,22.36152,22.37602,22.39052,22.40502,22.41952,22.43402,22.44852,22.46302,22.47752,22.49202,22.50652,22.52102,22.53552,22.55002,22.56452,22.57902,22.59352,22.60802,22.62252,22.63702,22.65152,22.66602,22.68052,22.69502,22.70952,22.72402,22.73852,22.75302,22.76752,22.78202,22.79652,22.81102,22.82552,22.84002,22.85452,22.86902,22.88352,22.89802,22.91252,22.92702,22.94152,22.95602,22.97052,22.98502,22.99952,23.01402,23.02852,23.04302,23.05752,23.07202,23.08652,23.10102,23.11552,23.13002,23.14452,23.15902,23.17352,23.18802,23.20252,23.21702,23.23152,23.24602,23.26052,23.27502,23.28952,23.30402,23.31852","0,23.01211,46.05956,102.6638,158.9239,142.3956,126.3456,169.4193,211.0193,126,126.6832,225.9208,211.3277,93.11615,119.0886,146.039,178.961,133.1088,258.4212,94.15459,158.3937,139.2284,178.4955,166.1945,153.2252,191.2373,231.1749,277.9206,414.6396,430.657,501.902,955.0702,1103.69,1976.125,1523.62,719.0599,473.2775,317.9634,191.2087,154.4007,203.6881,206,294.7233,229.5159,68.38714,160.5259,77.9121,242.3339,132.9531,151.4516,146.4102,34.23153,63.58139,115.5919,76.06063,85.10592,6.11706,98.20998,179.9415,93.8084,153.137,104.8068,178.7995,40.68819,141.9909,140.2532,169.8811,154.8819,62.63381,232.5732"
Mix1_5ppm_2,5/26/2017 01:07:47,Milk.Bos_d_9,YLGYLEQLLR,y6,light,22.8,5384,22.71,22.91,"22.31802,22.33252,22.34702,22.36152,22.37602,22.39052,22.40502,22.41952,22.43402,22.44852,22.46302,22.47752,22.49202,22.50652,22.52102,22.53552,22.55002,22.56452,22.57902,22.59352,22.60802,22.62252,22.63702,22.65152,22.66602,22.68052,22.69502,22.70952,22.72402,22.73852,22.75302,22.76752,22.78202,22.79652,22.81102,22.82552,22.84002,22.85452,22.86902,22.88352,22.89802,22.91252,22.92702,22.94152,22.95602,22.97052,22.98502,22.99952,23.01402,23.02852,23.04302,23.05752,23.07202,23.08652,23.10102,23.11552,23.13002,23.14452,23.15902,23.17352,23.18802,23.20252,23.21702,23.23152,23.24602,23.26052,23.27502,23.28952,23.30402,23.31852","0,53.0279,106.0632,166.1739,225.6633,152.5383,79.83933,59.81695,40,41.01669,185.8092,152.9081,132.7635,27.01391,304.6347,40.90432,198.0819,61.11288,99.5853,66.39311,85.72441,66.29957,105.3122,164.8268,120.0301,164.9192,431.1465,217.9685,328.5512,441.4998,605.4667,943.6851,1346.1,1609.904,1485.787,673.8398,339.3326,369.7892,119.1255,100.3035,388.9073,323.7401,168.1969,309.4659,131.1666,75.85271,234.8753,53.50598,21.33491,94.58607,173.4742,37.82433,88.22192,99.48495,210.1192,316.8611,153.7189,133.489,77.9665,30.90629,177.622,23.35856,103.5016,34.89001,110.3433,29.44344,49.78228,59.30837,89.7356,122.6693"
Mix1_0ppm_1,5/25/2017 20:31:24,Milk.Bos_d_9,YLGYLEQLLR,y5,light,22.77,103593,22.72,22.94,"22.31727,22.33177,22.34627,22.36077,22.37527,22.38977,22.40427,22.41877,22.43327,22.44777,22.46227,22.47677,22.49127,22.50577,22.52027,22.53477,22.54927,22.56377,22.57827,22.59277,22.60727,22.62177,22.63627,22.65077,22.66527,22.67977,22.69427,22.70877,22.72327,22.73777,22.75227,22.76677,22.78127,22.79577,22.81027,22.82477,22.83927,22.85377,22.86827,22.88277,22.89727,22.91177,22.92627,22.94077,22.95527,22.96977,22.98427,22.99877,23.01327,23.02777,23.04227,23.05677,23.07127,23.08577,23.10027,23.11477,23.12927,23.14377,23.15827,23.17277,23.18727,23.20177,23.21627,23.23077,23.24527,23.25977,23.27427,23.28877,23.30327,23.31777,23.33227","0,833.9324,1664.966,1202.615,741.2501,438.912,139.1366,156.1556,172.7953,153.8978,264.7705,231.8163,192.357,352,430.9066,100.7393,509.596,240.5706,601.0777,623.816,1050.079,1631.634,2215.929,4431.083,5412.307,7432.597,10241.32,12227.63,18451.16,19120.56,19496.3,20203.49,18860.66,12813.68,8952.398,6766.877,4602.338,2880.572,1591.221,1419.215,937.1372,706.8004,608.2767,629.73,592.9738,591,308.1272,524.1504,574.717,358.8389,819.2794,177.4651,536.7617,427.3996,361.9259,296.3965,378.6949,465.0783,187.6942,331.8452,320.9656,435.1779,450.5181,670.2689,459.1242,541.394,544.61,417.291,283.9178,416.2423,323.3378"
Mix1_0ppm_2,5/25/2017 21:02:06,Milk.Bos_d_9,YLGYLEQLLR,y5,light,22.74,92219,22.72,22.9,"22.31793,22.33243,22.34693,22.36143,22.37593,22.39043,22.40493,22.41943,22.43393,22.44843,22.46293,22.47743,22.49193,22.50643,22.52093,22.53543,22.54993,22.56443,22.57893,22.59343,22.60793,22.62243,22.63693,22.65143,22.66593,22.68043,22.69493,22.70943,22.72393,22.73843,22.75293,22.76743,22.78193,22.79643,22.81093,22.82543,22.83993,22.85443,22.86893,22.88343,22.89793,22.91243,22.92693,22.94143,22.95593,22.97043,22.98493,22.99943,23.01393,23.02843,23.04293,23.05743,23.07193,23.08643,23.10093,23.11543,23.12993,23.14443,23.15893,23.17343,23.18793,23.20243,23.21693,23.23143,23.24593,23.26043,23.27493,23.28943,23.30393,23.31843","0,770.8619,1538.974,1080.129,622.9048,433.6933,245.8391,225.793,205.8238,193.1833,318.2558,211.6049,126.8929,504,159.815,324.2592,615.3503,321.3856,574.3587,662.9039,1264.324,1522.679,2639.955,4534.559,7141.646,8871.832,12072.94,13534.85,16926.19,19813.15,19285.88,18028.52,17028.5,12985.12,8793.123,5652,3254.146,2137.216,1191.579,1123.1,1022.079,809.1093,641.2205,499.8293,627.4762,371.2618,457.2202,532.8076,550.0588,298.9443,419.6764,309.1339,384.6406,214.7055,247.6269,142.9597,248.3055,210.6184,302.5255,341.9728,248.9601,425.1814,252.9925,596.5585,654.9792,954.7108,560.8728,487.7706,330.8438,264.892"
Mix1_5ppm_1,5/26/2017 00:37:04,Milk.Bos_d_9,YLGYLEQLLR,y5,light,22.75,98150,22.71,22.91,"22.31802,22.33252,22.34702,22.36152,22.37602,22.39052,22.40502,22.41952,22.43402,22.44852,22.46302,22.47752,22.49202,22.50652,22.52102,22.53552,22.55002,22.56452,22.57902,22.59352,22.60802,22.62252,22.63702,22.65152,22.66602,22.68052,22.69502,22.70952,22.72402,22.73852,22.75302,22.76752,22.78202,22.79652,22.81102,22.82552,22.84002,22.85452,22.86902,22.88352,22.89802,22.91252,22.92702,22.94152,22.95602,22.97052,22.98502,22.99952,23.01402,23.02852,23.04302,23.05752,23.07202,23.08652,23.10102,23.11552,23.13002,23.14452,23.15902,23.17352,23.18802,23.20252,23.21702,23.23152,23.24602,23.26052,23.27502,23.28952,23.30402,23.31852","0,660.8477,1320.545,888.2491,457.6472,381.0161,304.0957,191.403,83.17027,356.357,153.5876,238.7737,198.887,180.7199,562.8253,206.4157,557.5842,676.7186,234.0442,713.6266,999.3819,1685.11,2898.599,3332.642,4911.284,7594.042,9292.345,12603,13594.35,16797.81,18347.69,16387.86,13842.47,10440.51,8590.071,4829.478,2889.869,1889.768,1374.587,927.8876,484.3678,287.3335,569.9742,521.1787,265.4396,384.7701,423.257,575.4139,339.2925,424.921,312.3835,274.0054,302.9535,323.7139,120.5713,322.9753,270.2635,203.8504,254.4561,228.5768,237.9559,227.0591,413.836,340.5228,373.9808,287.8618,417.0567,449.1181,349.7899,284.8573"
Mix1_5ppm_2,5/26/2017 01:07:47,Milk.Bos_d_9,YLGYLEQLLR,y5,light,22.74,84050,22.71,22.91,"22.31802,22.33252,22.34702,22.36152,22.37602,22.39052,22.40502,22.41952,22.43402,22.44852,22.46302,22.47752,22.49202,22.50652,22.52102,22.53552,22.55002,22.56452,22.57902,22.59352,22.60802,22.62252,22.63702,22.65152,22.66602,22.68052,22.69502,22.70952,22.72402,22.73852,22.75302,22.76752,22.78202,22.79652,22.81102,22.82552,22.84002,22.85452,22.86902,22.88352,22.89802,22.91252,22.92702,22.94152,22.95602,22.97052,22.98502,22.99952,23.01402,23.02852,23.04302,23.05752,23.07202,23.08652,23.10102,23.11552,23.13002,23.14452,23.15902,23.17352,23.18802,23.20252,23.21702,23.23152,23.24602,23.26052,23.27502,23.28952,23.30402,23.31852","0,644.3391,1287.464,778.5273,271.6034,185.4561,99.73089,66.19339,34.28841,159.7381,266.1909,469.5991,165.8528,100.0087,430.5651,139.9965,198.6535,231.7358,330.9633,436.7744,968.5866,1211.42,2610.585,3598.779,4870.926,7706.909,8724.408,13080.51,13346.6,15203.78,14384.3,13661.63,12305.81,9447.865,5444.71,4312.094,2678.532,1387.925,866.9318,761.3503,599.7586,320.7638,474.6535,328.8916,505.8942,336.969,164.0604,264.198,340.1276,320.7595,300.399,280.4243,143.5697,151.5284,140.0448,194.3931,131.7768,174.6807,75.35357,224.309,112.1123,432.725,277.4591,325.3027,302.1051,358.7044,185.4038,494.9364,177.7772,348.4829"
Mix1_0ppm_1,5/25/2017 20:31:24,Milk.Bos_d_9,YLGYLEQLLR,y8,heavy,22.8,308042,22.72,22.94,"22.31727,22.33177,22.34627,22.36077,22.37527,22.38977,22.40427,22.41877,22.43327,22.44777,22.46227,22.47677,22.49127,22.50577,22.52027,22.53477,22.54927,22.56377,22.57827,22.59277,22.60727,22.62177,22.63627,22.65077,22.66527,22.67977,22.69427,22.70877,22.72327,22.73777,22.75227,22.76677,22.78127,22.79577,22.81027,22.82477,22.83927,22.85377,22.86827,22.88277,22.89727,22.91177,22.92627,22.94077,22.95527,22.96977,22.98427,22.99877,23.01327,23.02777,23.04227,23.05677,23.07127,23.08577,23.10027,23.11477,23.12927,23.14377,23.15827,23.17277,23.18727,23.20177,23.21627,23.23077,23.24527,23.25977,23.27427,23.28877,23.30327,23.31777,23.33227","0,9492.113,18949.64,12975.14,7022.673,4720.098,2430.24,1712.438,1000.096,816.537,879.9048,438.4869,543.7345,425,332.11,384.8816,768.6848,314.6446,404.2554,266.2876,311.4634,213.2613,245.5309,180.0728,68.07612,300.0443,169.0317,224.5589,148.0181,417.311,3893.248,27419.64,69067.42,81584.23,69252.44,46049.95,26585.22,13372.71,6455.529,3920.84,3162.286,2423.25,2205.875,830.4513,801.0262,399.9222,239.8748,163.1098,177.8292,154.5509,115.4333,150.5194,308.5091,268.4765,160.3283,276.2069,242.1186,59.28936,89.65695,142.105,152.4708,121.6504,259.7118,260.0732,337.791,399.8995,683.4225,486.664,241.0434,212.6497,338.6614"
Mix1_0ppm_2,5/25/2017 21:02:06,Milk.Bos_d_9,YLGYLEQLLR,y8,heavy,22.78,297133,22.72,22.9,"22.31793,22.33243,22.34693,22.36143,22.37593,22.39043,22.40493,22.41943,22.43393,22.44843,22.46293,22.47743,22.49193,22.50643,22.52093,22.53543,22.54993,22.56443,22.57893,22.59343,22.60793,22.62243,22.63693,22.65143,22.66593,22.68043,22.69493,22.70943,22.72393,22.73843,22.75293,22.76743,22.78193,22.79643,22.81093,22.82543,22.83993,22.85443,22.86893,22.88343,22.89793,22.91243,22.92693,22.94143,22.95593,22.97043,22.98493,22.99943,23.01393,23.02843,23.04293,23.05743,23.07193,23.08643,23.10093,23.11543,23.12993,23.14443,23.15893,23.17343,23.18793,23.20243,23.21693,23.23143,23.24593,23.26043,23.27493,23.28943,23.30393,23.31843","0,8165.63,16301.17,11012.44,5743.712,3793.532,1855.099,1368.98,885.6649,621.7079,380.7265,767.8639,305.2669,418,444.9362,450.9732,438.0735,260.433,212.4812,166.5795,277.2075,220.0248,310.1937,331.5874,162.9731,133.6552,326.5419,183.5579,256.438,880.8572,8550.278,38429.23,75722.05,74057.38,65230.96,39455.36,21294.3,10195.5,5067.684,4015.409,3180.944,2103.249,1408.563,901.3441,447.4847,405.8786,435.728,463.0795,107.8722,80,196.6133,346.3307,236.4457,256.3146,148.9015,175.6522,167.1034,189.7344,192,102.0815,81.22152,157.7262,261.553,242.2952,424.1862,551.7096,415.3199,451.6063,381.3675,372"
Mix1_5ppm_1,5/26/2017 00:37:04,Milk.Bos_d_9,YLGYLEQLLR,y8,heavy,22.78,298374,22.71,22.91,"22.31802,22.33252,22.34702,22.36152,22.37602,22.39052,22.40502,22.41952,22.43402,22.44852,22.46302,22.47752,22.49202,22.50652,22.52102,22.53552,22.55002,22.56452,22.57902,22.59352,22.60802,22.62252,22.63702,22.65152,22.66602,22.68052,22.69502,22.70952,22.72402,22.73852,22.75302,22.76752,22.78202,22.79652,22.81102,22.82552,22.84002,22.85452,22.86902,22.88352,22.89802,22.91252,22.92702,22.94152,22.95602,22.97052,22.98502,22.99952,23.01402,23.02852,23.04302,23.05752,23.07202,23.08652,23.10102,23.11552,23.13002,23.14452,23.15902,23.17352,23.18802,23.20252,23.21702,23.23152,23.24602,23.26052,23.27502,23.28952,23.30402,23.31852","0,5170.721,10332.01,6541.03,2765.565,2236.66,1707.121,1099.081,495.571,285.2164,313.9472,595.3483,303.9492,119.5941,251.9573,238.8665,126.1335,165.9054,298.389,120.252,270.5945,147.4388,106.5045,256.711,102.7543,86.27379,28.21705,305.4547,85.60873,1869.511,14802.73,50682.74,77996.05,77115.2,55065.3,34783.99,15775.51,7605.042,5087.492,2919.849,2313.468,1535.395,1278.669,585.5327,204.4416,500.8547,127.7611,181.6799,242.689,126.2833,213.1401,237.7846,89.86047,191.3478,74.84921,53.89408,102.2302,63.38058,41.51463,70.42323,317.6362,320.6294,197.1357,349.59,334.8833,513.1869,343.8969,475.3803,281.3504,204.8573"
Mix1_5ppm_2,5/26/2017 01:07:47,Milk.Bos_d_9,YLGYLEQLLR,y8,heavy,22.78,291281,22.71,22.91,"22.31802,22.33252,22.34702,22.36152,22.37602,22.39052,22.40502,22.41952,22.43402,22.44852,22.46302,22.47752,22.49202,22.50652,22.52102,22.53552,22.55002,22.56452,22.57902,22.59352,22.60802,22.62252,22.63702,22.65152,22.66602,22.68052,22.69502,22.70952,22.72402,22.73852,22.75302,22.76752,22.78202,22.79652,22.81102,22.82552,22.84002,22.85452,22.86902,22.88352,22.89802,22.91252,22.92702,22.94152,22.95602,22.97052,22.98502,22.99952,23.01402,23.02852,23.04302,23.05752,23.07202,23.08652,23.10102,23.11552,23.13002,23.14452,23.15902,23.17352,23.18802,23.20252,23.21702,23.23152,23.24602,23.26052,23.27502,23.28952,23.30402,23.31852","0,4406.819,8805.655,5626.802,2459.142,1621.209,789.6265,743.0744,697.4704,740.3677,364.3467,252,252.0892,291.9948,252.0526,186.2252,238.694,206.2642,376.2168,207.9887,101.4606,73.40441,137.8652,158.6089,133.5698,133,74.51181,144.0721,248.9535,3075.738,21588.73,58399.88,81517.2,65491.77,51699.27,27851.94,11763.43,6434.331,3524.248,2754.588,1652.516,1511.74,1044.223,547.6747,430.6575,312.4419,199.2664,149.0159,133.8677,114.3535,304.5908,121.1683,124.5521,144.5284,170.985,99.14254,68.13661,206.5311,121.7741,94.69839,62.87559,65.46945,259.9137,477.908,407.4095,614.2022,307.5899,260.2845,193.2213,484.4906"
Mix1_0ppm_1,5/25/2017 20:31:24,Milk.Bos_d_9,YLGYLEQLLR,y6,heavy,22.8,132961,22.72,22.94,"22.31727,22.33177,22.34627,22.36077,22.37527,22.38977,22.40427,22.41877,22.43327,22.44777,22.46227,22.47677,22.49127,22.50577,22.52027,22.53477,22.54927,22.56377,22.57827,22.59277,22.60727,22.62177,22.63627,22.65077,22.66527,22.67977,22.69427,22.70877,22.72327,22.73777,22.75227,22.76677,22.78127,22.79577,22.81027,22.82477,22.83927,22.85377,22.86827,22.88277,22.89727,22.91177,22.92627,22.94077,22.95527,22.96977,22.98427,22.99877,23.01327,23.02777,23.04227,23.05677,23.07127,23.08577,23.10027,23.11477,23.12927,23.14377,23.15827,23.17277,23.18727,23.20177,23.21627,23.23077,23.24527,23.25977,23.27427,23.28877,23.30327,23.31777,23.33227","0,174.1948,348.0045,350.0082,351.7219,303.6682,255.4538,187.3776,123.4394,453.7877,180.5564,260.0919,280.3302,428,144.3358,199.8749,180.0683,92.50813,111.8399,139.7425,140,128.1514,135.8896,151.7438,356.1785,289.4929,276.2617,537.5629,243.7698,356.5827,3440.729,15895.2,30428.16,34241.23,26654.17,17932.88,9798.381,4690.878,2906.579,3357.651,2656.088,1878.906,1679.91,898.1942,738.316,246.4098,261.6268,158.3055,276.273,287.7614,201.5966,214.7597,249.7249,222.0602,190.0938,154.3981,166.9153,235.0423,199.1297,136.7034,224.44,202.4945,273.5748,386.4234,216.4299,236.5997,210.7885,364.791,350.8674,366.1437,570.6583"
Mix1_0ppm_2,5/25/2017 21:02:06,Milk.Bos_d_9,YLGYLEQLLR,y6,heavy,22.8,132065,22.72,22.9,"22.31793,22.33243,22.34693,22.36143,22.37593,22.39043,22.40493,22.41943,22.43393,22.44843,22.46293,22.47743,22.49193,22.50643,22.52093,22.53543,22.54993,22.56443,22.57893,22.59343,22.60793,22.62243,22.63693,22.65143,22.66593,22.68043,22.69493,22.70943,22.72393,22.73843,22.75293,22.76743,22.78193,22.79643,22.81093,22.82543,22.83993,22.85443,22.86893,22.88343,22.89793,22.91243,22.92693,22.94143,22.95593,22.97043,22.98493,22.99943,23.01393,23.02843,23.04293,23.05743,23.07193,23.08643,23.10093,23.11543,23.12993,23.14443,23.15893,23.17343,23.18793,23.20243,23.21693,23.23143,23.24593,23.26043,23.27493,23.28943,23.30393,23.31843","0,182.2037,364,364,363.5364,283.4469,204.4343,258.5589,309.6843,129.2672,264.3895,319.3201,171.8866,124,100.0567,131.8572,128.0226,104.1921,96.0819,103.8992,111.8731,147.3851,144.0777,140.0825,253.336,345.6816,348,305.3108,358.2066,804.1837,6095.746,24168.07,32790.54,32827.2,26851.66,14174.53,8022.174,4025.19,2679.79,2453.458,2059.398,1723.783,1223.714,787.2448,453.396,390.9738,402.8984,251.6651,169.502,212.1871,171.5759,179.0787,143.1654,195.1175,104.5813,187.6305,159.3951,214.4231,99.7984,113.4315,163.1139,207.7669,103.8268,153.2098,275.0671,241.3706,293.3225,307.1475,293.7428,260.0021"
Mix1_5ppm_1,5/26/2017 00:37:04,Milk.Bos_d_9,YLGYLEQLLR,y6,heavy,22.78,136530,22.71,22.91,"22.31802,22.33252,22.34702,22.36152,22.37602,22.39052,22.40502,22.41952,22.43402,22.44852,22.46302,22.47752,22.49202,22.50652,22.52102,22.53552,22.55002,22.56452,22.57902,22.59352,22.60802,22.62252,22.63702,22.65152,22.66602,22.68052,22.69502,22.70952,22.72402,22.73852,22.75302,22.76752,22.78202,22.79652,22.81102,22.82552,22.84002,22.85452,22.86902,22.88352,22.89802,22.91252,22.92702,22.94152,22.95602,22.97052,22.98502,22.99952,23.01402,23.02852,23.04302,23.05752,23.07202,23.08652,23.10102,23.11552,23.13002,23.14452,23.15902,23.17352,23.18802,23.20252,23.21702,23.23152,23.24602,23.26052,23.27502,23.28952,23.30402,23.31852","0,132.0695,263.9705,235.9188,208.452,306.6198,403.0998,290.9079,180.7298,242.9741,116.1093,131.7059,79.8418,52.39312,139.9344,119.9008,36.09921,36,71.83463,127.6105,88.36745,139.4062,151.8486,199.2819,329.7134,292.7823,558.3892,177.0945,312.422,1266.252,9219.423,27306.68,35998.5,33972.07,22149.54,12445.92,6560.683,3326.581,2118.795,2455.022,1485.017,1417.075,759.6384,621.3942,240.0079,280.6949,155.1833,166.92,54.62199,259.1538,207.9848,143.8892,192.5271,199.7428,185.0646,221.249,331.7491,199.1706,139.938,176.5643,117.4614,244.2681,314.6415,203.0194,254.0586,329.197,176.1449,138.2583,211.9076,281.3617"
Mix1_5ppm_2,5/26/2017 01:07:47,Milk.Bos_d_9,YLGYLEQLLR,y6,heavy,22.78,130409,22.71,22.91,"22.31802,22.33252,22.34702,22.36152,22.37602,22.39052,22.40502,22.41952,22.43402,22.44852,22.46302,22.47752,22.49202,22.50652,22.52102,22.53552,22.55002,22.56452,22.57902,22.59352,22.60802,22.62252,22.63702,22.65152,22.66602,22.68052,22.69502,22.70952,22.72402,22.73852,22.75302,22.76752,22.78202,22.79652,22.81102,22.82552,22.84002,22.85452,22.86902,22.88352,22.89802,22.91252,22.92702,22.94152,22.95602,22.97052,22.98502,22.99952,23.01402,23.02852,23.04302,23.05752,23.07202,23.08652,23.10102,23.11552,23.13002,23.14452,23.15902,23.17352,23.18802,23.20252,23.21702,23.23152,23.24602,23.26052,23.27502,23.28952,23.30402,23.31852","0,160.0842,319.9536,275.8724,231.8985,209.8609,187.8233,165.7986,143.2638,72.47353,140.2544,183.7979,139.9375,112.0037,155.9422,108.1638,111.9769,203.2634,101.0782,64.41624,119.2283,56.95861,52.06878,291.2289,483.7921,292.5992,225.6126,192.8451,374.5969,2283.165,12667.03,29552.14,36374.79,27752.37,19080.45,9962.299,5592.147,2914.72,2461.172,1445.215,1551.136,981.7323,770.8063,391.3585,191.4366,127.4729,168.9134,104.7205,81.33491,150.8568,152.2798,181.7212,117.2125,282.4617,236.7762,217.2285,223.3669,113.7795,144.3579,41.85064,141.5433,111.8907,148.0573,224.6605,126.915,267.9748,294.8299,288.7904,277.187,369.5031"
